24/04/2025 22:30,Atletico Madrid,Rayo Vallecano
24/04/2025 20:30,CFR Cluj,Farul Constanta
24/04/2025 21:30,Club Brugge,Royale Union SG
24/04/2025 22:30,Betis,Real Valladolid
24/04/2025 22:00,Bologna,Empoli
24/04/2025 22:00,Twente,PSV Eindhoven
24/04/2025 19:45,AZ Alkmaar,NAC Breda
24/04/2025 20:00,Osasuna,Sevilla
24/04/2025 20:00,Leganes,Girona
24/04/2025 17:30,FC Arges,Steaua Bucuresti
26/04/2025 20:00,U Cluj,Universitatea Craiova
27/04/2025 21:00,Rapid Bucuresti,FCSB
28/04/2025 21:00,Dinamo Bucuresti,CFR Cluj
02/05/2025 20:30,Universitatea Craiova,Rapid Bucuresti
03/05/2025 20:30,CFR Cluj,U Cluj
05/05/2025 20:30,FCSB,Dinamo Bucuresti
25/04/2025 18:45,Unirea Slobozia,Poli Iasi
25/04/2025 21:00,Sepsi Sfantu Gheorghe,Otelul Galati
26/04/2025 17:00,Hermannstadt,UTA Arad
27/04/2025 14:30,Gloria Buzau,Botosani
28/04/2025 18:00,Petrolul Ploiesti,Farul Constanta
29/04/2025 22:00,Arsenal,PSG
30/04/2025 22:00,Barcelona,Inter Milan
01/05/2025 22:00,Tottenham,Bodo/Glimt
01/05/2025 22:00,Athletic Bilbao,Manchester United
01/05/2025 22:00,Betis,Fiorentina
01/05/2025 22:00,Djurgarden,Chelsea
25/04/2025 16:30,CSM Resita,Metaloglobus Bucuresti
26/04/2025 12:00,Voluntari,Csikszereda Miercurea Ciuc
26/04/2025 11:00,CSC Dumbravita,CSM Focsani
26/04/2025 11:00,CSC Selimbar,AFC Campulung Muscel
26/04/2025 11:00,Bihor Oradea,Corvinul Hunedoara
26/04/2025 11:00,Chindia Targoviste,Ceahlaul Piatra Neamt
26/04/2025 11:00,Concordia Chiajna,CS Afumati
26/04/2025 11:00,Metalul Buzau,FCU 1948 Craiova
03/09/2025 22:00,Transferuri,Jucatori
26/04/2025 14:30,Chelsea,Everton
26/04/2025 17:00,Southampton,Fulham
26/04/2025 17:00,Newcastle,Ipswich
26/04/2025 17:00,Wolverhampton,Leicester
26/04/2025 17:00,Brighton,West Ham
27/04/2025 16:00,Bournemouth,Manchester United
27/04/2025 18:30,Liverpool,Tottenham
01/05/2025 21:30,Nottingham Forest,Brentford
02/05/2025 22:00,Manchester City,Wolverhampton
03/05/2025 14:30,Aston Villa,Fulham
03/05/2025 17:00,Everton,Ipswich
03/05/2025 17:00,Leicester,Southampton
03/05/2025 19:30,Arsenal,Bournemouth
04/05/2025 16:00,Brighton,Newcastle
04/05/2025 16:00,West Ham,Tottenham
04/05/2025 16:00,Brentford,Manchester United
04/05/2025 18:30,Chelsea,Liverpool
05/05/2025 22:00,Crystal Palace,Nottingham Forest
26/04/2025 19:15,Crystal Palace,Aston Villa
27/04/2025 18:30,Nottingham Forest,Manchester City
27/04/2025 17:15,Villarreal,Espanyol
02/05/2025 22:00,Rayo Vallecano,Getafe
03/05/2025 15:00,Alaves,Atletico Madrid
03/05/2025 17:15,Villarreal,Osasuna
03/05/2025 19:30,Las Palmas,Valencia
03/05/2025 22:00,Real Valladolid,Barcelona
04/05/2025 15:00,Real Madrid,Celta Vigo
04/05/2025 17:15,Sevilla,Leganes
04/05/2025 19:30,Espanyol,Betis
04/05/2025 22:00,Real Sociedad,Athletic Bilbao
05/05/2025 22:00,Girona,Mallorca
26/04/2025 23:00,Barcelona,Real Madrid
25/04/2025 21:30,Stuttgart,Heidenheim
26/04/2025 16:30,Hoffenheim,Borussia Dortmund
26/04/2025 16:30,Bayer Leverkusen,Augsburg
26/04/2025 16:30,Holstein Kiel,Borussia Monchengladbach
26/04/2025 16:30,Bayern Munchen,Mainz
26/04/2025 16:30,Wolfsburg,Freiburg
26/04/2025 19:30,Eintracht Frankfurt,RB Leipzig
27/04/2025 16:30,Bochum,Union Berlin
27/04/2025 18:30,Werder Bremen,St.Pauli
02/05/2025 21:30,Heidenheim,Bochum
03/05/2025 16:30,Union Berlin,Werder Bremen
03/05/2025 16:30,Borussia Monchengladbach,Hoffenheim
03/05/2025 16:30,RB Leipzig,Bayern Munchen
03/05/2025 16:30,St.Pauli,Stuttgart
03/05/2025 19:30,Borussia Dortmund,Wolfsburg
04/05/2025 16:30,Augsburg,Holstein Kiel
04/05/2025 18:30,Freiburg,Bayer Leverkusen
04/05/2025 20:30,Mainz,Eintracht Frankfurt
24/05/2025 21:00,Arminia Bielefeld,Stuttgart
25/04/2025 21:45,Atalanta,Lecce
27/04/2025 13:30,Como,Genoa
27/04/2025 13:30,Venezia,AC Milan
27/04/2025 16:00,Inter Milan,AS Roma
27/04/2025 16:00,Fiorentina,Empoli
27/04/2025 19:00,Juventus,Monza
27/04/2025 21:45,Napoli,Torino FC
28/04/2025 19:30,Udinese,Bologna
28/04/2025 21:45,Lazio,Parma
28/04/2025 21:45,Verona,Cagliari
02/05/2025 21:45,Torino FC,Venezia
03/05/2025 16:00,Cagliari,Udinese
03/05/2025 16:00,Parma,Como
03/05/2025 19:00,Lecce,Napoli
03/05/2025 21:45,Inter Milan,Verona
04/05/2025 13:30,Empoli,Lazio
04/05/2025 16:00,Monza,Atalanta
04/05/2025 19:00,AS Roma,Fiorentina
04/05/2025 21:45,Bologna,Juventus
05/05/2025 21:45,Genoa,AC Milan
25/04/2025 21:45,PSG,Nice
26/04/2025 18:00,Strasbourg,Saint Etienne
26/04/2025 20:00,Le Havre,Monaco
26/04/2025 22:05,Olympique Lyon,Rennes
27/04/2025 16:00,Angers,Lille
27/04/2025 18:15,Lens,Auxerre
27/04/2025 18:15,Montpellier,Reims
27/04/2025 18:15,Nantes,Toulouse
27/04/2025 21:45,Olympique Marseille,Brest
02/05/2025 21:45,Nice,Reims
03/05/2025 18:00,Strasbourg,PSG
03/05/2025 20:00,Toulouse,Rennes
03/05/2025 22:05,Saint Etienne,Monaco
04/05/2025 16:00,Nantes,Angers
04/05/2025 18:15,Auxerre,Le Havre
04/05/2025 18:15,Brest,Montpellier
04/05/2025 18:15,Olympique Lyon,Lens
04/05/2025 21:45,Lille,Olympique Marseille
24/05/2025 22:00,PSG,Reims
27/04/2025 14:30,Gent,Anderlecht
27/04/2025 17:00,Genk,Antwerp
26/04/2025 17:00,Leuven,Standard Liege
26/04/2025 19:15,Westerlo,Mechelen
26/04/2025 21:45,Charleroi,Dender
25/04/2025 21:45,Beerschot VA,Kortrijk
26/04/2025 21:45,Cercle Brugge,Sint-Truiden
04/05/2025 19:00,Club Brugge,Anderlecht
25/04/2025 19:45,Waalwijk,Utrecht
25/04/2025 22:00,Feyenoord Rotterdam,Zwolle
27/04/2025 13:15,Fortuna Sittard,Willem II Tilburg
27/04/2025 15:30,Ajax Amsterdam,Sparta Rotterdam
27/04/2025 15:30,Heerenveen,NEC Nijmegen
27/04/2025 17:45,Almere City,Go Ahead Eagles
03/05/2025 17:30,NEC Nijmegen,Willem II Tilburg
03/05/2025 19:45,Heracles Almelo,Feyenoord Rotterdam
03/05/2025 21:00,Groningen,Waalwijk
03/05/2025 22:00,PSV Eindhoven,Fortuna Sittard
04/05/2025 13:15,NAC Breda,Zwolle
04/05/2025 15:30,Go Ahead Eagles,AZ Alkmaar
04/05/2025 15:30,Sparta Rotterdam,Twente
25/04/2025 22:30,Famalicao,Braga
26/04/2025 17:30,Santa Clara,Arouca
26/04/2025 20:00,Gil Vicente,Farense
26/04/2025 22:30,Estrela Amadora,Porto
27/04/2025 17:30,Moreirense,CD Nacional
27/04/2025 20:00,Vitoria Guimaraes,Rio Ave
27/04/2025 20:00,Benfica,AVS
27/04/2025 22:30,Boavista,Sporting Lisabona
28/04/2025 22:15,Casa Pia,Estoril Praia
25/04/2025 20:00,Besiktas,Hatayspor
26/04/2025 16:00,Sivasspor,Antalyaspor
26/04/2025 19:00,Gaziantep,Fenerbahce
26/04/2025 19:00,Bodrumspor,Samsunspor
27/04/2025 16:00,Konyaspor,Adana Demirspor
27/04/2025 16:00,Trabzonspor,Alanyaspor
27/04/2025 19:00,Eyupspor,Galatasaray
27/04/2025 19:00,Kayserispor,Rizespor
28/04/2025 20:00,Goztepe,Basaksehir
03/05/2025 16:00,Rizespor,Gaziantep
03/05/2025 16:00,Alanyaspor,Kayserispor
03/05/2025 19:00,Galatasaray,Sivasspor
04/05/2025 16:00,Samsunspor,Eyupspor
04/05/2025 19:00,Fenerbahce,Besiktas
05/05/2025 20:00,KasÄ±mpasa,Trabzonspor
24/04/2025 20:30,Trabzonspor,Goztepe
25/04/2025 22:00,Stoke City,Sheffield United
26/04/2025 14:30,Luton Town,Coventry City
26/04/2025 14:30,Queens Park Rangers,Burnley
26/04/2025 17:00,Blackburn Rovers,Watford
26/04/2025 17:00,Hull City,Derby County
26/04/2025 17:00,Cardiff City,West Bromwich Albion
26/04/2025 17:00,Oxford United,Sunderland
26/04/2025 17:00,Middlesbrough,Norwich City
26/04/2025 17:00,Preston North End,Plymouth Argyle
26/04/2025 17:00,Sheffield Wednesday,Portsmouth
26/04/2025 17:00,Millwall,Swansea City
28/04/2025 22:00,Leeds United,Bristol City
25/04/2025 21:30,Cadiz,Gijon
26/04/2025 15:00,Albacete,Cartagena
26/04/2025 17:15,Real Oviedo,Levante
26/04/2025 17:15,Eldense,Cordoba
26/04/2025 19:30,Granada,Elche
26/04/2025 19:30,Mirandes,Burgos
27/04/2025 17:15,Racing Santander,Deportivo La Coruna
27/04/2025 19:30,Malaga,Castellon
27/04/2025 19:30,Tenerife,Eibar
27/04/2025 22:00,Zaragoza,Huesca
28/04/2025 21:30,Almeria,Racing Ferrol
25/04/2025 19:30,Greuther Furth,Ulm
25/04/2025 19:30,Hertha Berlin,Magdeburg
26/04/2025 14:00,Paderborn,Elversberg
26/04/2025 14:00,Jahn Regensburg,Eintracht Braunschweig
26/04/2025 14:00,Preussen Munster,Darmstadt
26/04/2025 21:30,Fortuna Dusseldorf,Nurnberg
27/04/2025 14:30,Hannover,FC Koln
27/04/2025 14:30,Hamburger,Karlsruher
27/04/2025 14:30,Kaiserslautern,Schalke
25/04/2025 13:30,Frosinone,Spezia
25/04/2025 16:00,Bari,Modena
25/04/2025 16:00,Brescia,Pisa
25/04/2025 16:00,Carrarese,Sampdoria
25/04/2025 16:00,Reggiana,Cittadella
25/04/2025 16:00,Salernitana,Cosenza
25/04/2025 19:00,Cremonese,Mantova
25/04/2025 21:30,Cesena,Sassuolo
27/04/2025 16:00,Sudtirol,Juve Stabia
27/04/2025 16:00,Catanzaro,Palermo
25/04/2025 21:00,Red Star,Clermont
25/04/2025 21:00,Annecy,AC Ajaccio
25/04/2025 21:00,Bastia,Grenoble
25/04/2025 21:00,Troyes,Dunkerque
25/04/2025 21:00,Laval,Amiens
25/04/2025 21:00,Guingamp,Martigues
26/04/2025 15:00,Rodez,Paris FC
26/04/2025 21:00,Pau,Metz
26/04/2025 21:00,Lorient,Caen
25/04/2025 01:00,Central Cordoba,Deportivo Tachira
08/05/2025 03:30,Central Cordoba,Flamengo
07/05/2025 01:00,Alianza Lima,Sao Paulo
25/04/2025 03:00,Bahia,Atletico Nacional
08/05/2025 01:00,Bahia,Nacional Montevideo
09/05/2025 03:30,Atletico Nacional,Internacional RS
25/04/2025 01:00,Bolivar La Paz,Palmeiras
25/04/2025 03:30,Cerro Porteno,Sporting Cristal
07/05/2025 05:00,San Antonio Bulo Bulo,CA Penarol
25/04/2025 05:00,Universidad Catolica (ECU),Defensa y Justicia
25/04/2025 01:00,Corinthians,Racing Montevideo
25/04/2025 01:00,Godoy Cruz,Gremio RS
25/04/2025 03:30,Palestino,Cruzeiro MG
25/04/2025 03:30,Deportes Iquique,Cienciano
25/04/2025 05:30,Vancouver Whitecaps,Inter Miami
25/04/2025 19:00,Al Ahly Cairo,Mamelodi Sundowns
25/04/2025 21:00,Pyramids FC,Orlando Pirates
25/04/2025 19:30,Al Hilal,Gwangju
26/04/2025 19:30,Al Ahli,Buriram United
26/04/2025 22:30,Yokohama F. Marinos,Al Nassr
27/04/2025 19:30,Kawasaki Frontale,Al Sadd Doha
27/04/2025 16:00,Chelsea (F),Barcelona (F)
27/04/2025 19:00,Olympique Lyon (F),Arsenal (F)
26/04/2025 21:00,CA Aldosivi,CA Banfield
26/04/2025 23:00,San Lorenzo Almagro,Rosario Central
27/04/2025 01:00,CA Belgrano,Argentinos Juniors
27/04/2025 21:30,CA River Plate,CA Boca Juniors
28/04/2025 01:00,CA Lanus,San Martin de San Juan
28/04/2025 01:00,Instituto Cordoba,Sarmiento Junin
28/04/2025 03:15,CA Independiente,Deportivo Riestra
28/04/2025 21:00,Barracas Central,Union de Santa Fe
28/04/2025 23:15,Godoy Cruz,Atletico Tucuman
29/04/2025 01:30,Defensa y Justicia,Racing Club
29/04/2025 01:30,Estudiantes La Plata,CA Tigre
29/04/2025 03:45,Central Cordoba,Independiente Rivadavia
29/04/2025 03:45,Velez Sarsfield,Gimnasia La Plata
30/04/2025 01:00,Newell's Old Boys,CA Huracan
30/04/2025 01:00,CA Platense,Talleres Cordoba
25/04/2025 12:35,Macarthur FC,Melbourne Victory
26/04/2025 08:00,Brisbane Roar,Wellington Phoenix
26/04/2025 10:00,Newcastle United Jets,Western Sydney Wanderers
26/04/2025 12:35,Melbourne City,Adelaide United
27/04/2025 08:00,Auckland FC,Perth Glory
27/04/2025 10:00,Western United,Sydney FC
24/04/2025 19:30,Al Orobah,Al Fayha
24/04/2025 21:00,Al Taawoun,Al Raed
27/04/2025 15:30,Rapid Viena,BW Linz
27/04/2025 15:30,Wolfsberger AC,RB Salzburg
27/04/2025 18:00,Sturm Graz,Austria Viena
25/04/2025 20:30,TSV Hartberg,Grazer AK
26/04/2025 18:00,LASK Linz,Austria Klagenfurt
26/04/2025 18:00,SCR Altach,WSG Tirol
01/05/2025 18:00,Wolfsberger AC,TSV Hartberg
26/04/2025 22:00,Internacional RS,Juventude
27/04/2025 00:30,Mirassol,Atletico MG
27/04/2025 00:30,Ceara,Sao Paulo
27/04/2025 02:00,Sport Recife,Fortaleza
27/04/2025 03:00,Botafogo RJ,Fluminense
27/04/2025 22:00,Flamengo,Corinthians
28/04/2025 00:30,Vitoria BA,Gremio RS
28/04/2025 00:30,Cruzeiro MG,Vasco da Gama
28/04/2025 00:30,Palmeiras,Bahia
28/04/2025 02:30,Santos,RB Bragantino
03/05/2025 03:30,Sao Paulo,Fortaleza
04/05/2025 00:30,Corinthians,Internacional RS
04/05/2025 00:30,Fluminense,Sport Recife
04/05/2025 00:30,Ceara,Vitoria BA
04/05/2025 03:00,Bahia,Botafogo RJ
04/05/2025 22:00,Vasco da Gama,Palmeiras
04/05/2025 22:00,Gremio RS,Santos
05/05/2025 00:30,Cruzeiro MG,Flamengo
06/05/2025 01:00,RB Bragantino,Mirassol
06/05/2025 02:00,Juventude,Atletico MG
11/05/2025 23:30,Palmeiras,Sao Paulo
18/05/2025 22:00,Corinthians,Santos
18/05/2025 22:00,Bahia,Vitoria BA
19/05/2025 00:30,Flamengo,Botafogo RJ
19/05/2025 02:30,Cruzeiro MG,Atletico MG
25/05/2025 00:30,Fluminense,Vasco da Gama
30/04/2025 01:00,Internacional RS,Maracana
30/04/2025 01:00,Retro PE,Fortaleza
30/04/2025 01:30,Maringa,Atletico MG
30/04/2025 03:30,Fluminense,Aparecidense
30/04/2025 03:30,Sao Paulo,Nautico PE
01/05/2025 01:00,Botafogo RJ,Capital DF
01/05/2025 01:30,Ceara,Palmeiras
01/05/2025 03:30,Novorizontino SP,Corinthians
01/05/2025 03:30,CSA AL,Gremio RS
01/05/2025 03:30,Paysandu,Bahia
01/05/2025 22:00,Operario PR,Vasco da Gama
01/05/2025 22:00,Brusque,Athletico PR
02/05/2025 00:00,Santos,CRB AL
02/05/2025 00:30,Criciuma,RB Bragantino
02/05/2025 02:00,Botafogo PB,Flamengo
02/05/2025 03:30,Cruzeiro MG,Vila Nova GO
25/04/2025 03:35,Novorizontino SP,Athletico PR
26/04/2025 01:00,Criciuma,Remo
26/04/2025 03:00,Vila Nova GO,Chapecoense
26/04/2025 22:00,Coritiba,Operario PR
27/04/2025 02:00,Avai,America MG
27/04/2025 22:00,Athletic Club MG,Volta Redonda
27/04/2025 22:30,Amazonas,Atletico GO
27/04/2025 23:00,Paysandu,CRB AL
28/04/2025 01:00,Cuiaba,Ferroviaria SP
29/04/2025 01:30,Botafogo SP,Goias
26/04/2025 23:00,Desimpedidos GOTI,Furia FC
27/04/2025 00:00,Funkbol Clube,Nyvelados FC
27/04/2025 01:00,Loud SC,Capim FC
27/04/2025 02:00,Dendele FC,G3X FC
27/04/2025 03:00,FC Real Elite,Fluxo FC
26/04/2025 20:00,Levski Sofia,Arda Kardzhali
27/04/2025 20:45,Ludogorets Razgrad,Cherno More Varna
26/04/2025 17:30,Spartak Varna,CSKA Sofia FC
27/04/2025 15:15,Botev Plovdiv,Beroe Stara Zagora
25/04/2025 17:30,Slavia Sofia,Hebar Pazardzhik
25/04/2025 20:00,Lokomotiv Sofia,Krumovgrad
28/04/2025 17:30,Septemvri Sofia,Lokomotiv Plovdiv
28/04/2025 20:00,CSKA 1948 Sofia,Botev Vratsa
24/04/2025 21:30,Patro Eisden,SK Beveren
24/04/2025 21:30,Lokeren Temse,RWDM
26/04/2025 19:00,Varazdin,Lokomotiva Zagreb
27/04/2025 17:00,Osijek,Hajduk Split
27/04/2025 19:45,Dinamo Zagreb,Rijeka
28/04/2025 18:00,Istra 1961,Slaven Belupo
28/04/2025 20:15,Sibenik,Gorica
25/04/2025 14:35,Beijing Guoan,Henan FC
25/04/2025 15:00,Yunnan Yukun,Shanghai Port
26/04/2025 10:30,Changchun Yatai,Chengdu Rongcheng
26/04/2025 14:00,Shenzen Xinpengcheng,Dalian Yingbo
26/04/2025 14:35,Shandong Taishan,Shanghai Shenhua
27/04/2025 14:00,Wuhan Three Towns,Tianjin Jinmen Tiger
27/04/2025 14:35,Qingdao Hainiu,Meizhou Hakka
27/04/2025 15:00,Zhejiang Professional,Qingdao West Coast
26/04/2025 08:00,Suwon FC,Jeonbuk
26/04/2025 10:30,Anyang,Jeju SK
27/04/2025 08:00,Pohang Steelers,FC Seoul
27/04/2025 10:30,Gimcheon Sangmu,Ulsan HD
27/04/2025 10:30,Daejeon Citizen,Gangwon
25/04/2025 20:00,Randers FC,Brondby
27/04/2025 17:00,AGF Aarhus,FC Copenhaga
27/04/2025 19:00,Midtjylland,Nordsjalland
27/04/2025 15:00,Lyngby,Silkeborg
27/04/2025 15:00,Sonderjyske,Viborg
28/04/2025 20:00,Aalborg BK,Vejle BK
30/04/2025 19:30,Brondby,Silkeborg
01/05/2025 20:30,Viborg,FC Copenhaga
26/04/2025 15:00,AC Oulu,Inter Turku
26/04/2025 17:00,Jaro,KTP Kotka
26/04/2025 19:00,HJK Helsinki,VPS Vaasa
27/04/2025 16:00,IF Gnistan,KuPS
27/04/2025 18:30,Mariehamn,Ilves Tampere
28/04/2025 19:00,SJK Seinajoki,Haka Valkeakoski
25/04/2025 20:00,Hansa Rostock,TSV 1860 Munchen
26/04/2025 15:00,Borussia Dortmund II,Hannover II
26/04/2025 15:00,Dynamo Dresden,Sandhausen
26/04/2025 15:00,Unterhaching,Energie Cottbus
26/04/2025 15:00,Viktoria Koln,Wehen Wiesbaden
26/04/2025 15:00,Rot Weiss Essen,Saarbrucken
26/04/2025 17:30,Verl,Erzgebirge Aue
27/04/2025 14:30,Ingolstadt,Arminia Bielefeld
27/04/2025 17:30,Alemannia Aachen,Osnabruck
27/04/2025 20:30,Waldhof Mannheim,Stuttgart II
27/04/2025 20:00,AEK Atena,Olympiacos
27/04/2025 20:00,PAOK Salonic,Panathinaikos
04/05/2025 20:00,Olympiacos,PAOK Salonic
04/05/2025 20:00,AEK Atena,Panathinaikos
26/04/2025 20:00,OFI Crete,Asteras Tripolis
26/04/2025 20:00,Atromitos,Aris Salonic
28/04/2025 18:00,Levadiakos,PAS Lamia
28/04/2025 18:00,Panetolikos,Atena Kallithea
28/04/2025 20:00,Volos FC,Panserraikos
17/05/2025 20:00,OFI Crete,Olympiacos
25/04/2025 13:00,Tokyo Verdy,Cerezo Osaka
25/04/2025 13:00,Machida Zelvia,Shonan Bellmare
25/04/2025 13:00,Avispa Fukuoka,Fagiano Okayama
25/04/2025 13:00,Kyoto Sanga,Yokohama FC
25/04/2025 13:00,Kashima Antlers,Nagoya Grampus
25/04/2025 13:30,Urawa Red Diamonds,Sanfrecce Hiroshima
25/04/2025 13:30,FC Tokyo,Gamba Osaka
26/04/2025 08:00,Kashiwa Reysol,Albirex Niigata
28/04/2025 02:00,Juarez,UNAM Pumas
28/04/2025 04:30,Monterrey,Pachuca
24/04/2025 21:00,Roda Kerkrade,ADO Den Haag
25/04/2025 21:00,Dordrecht,Maastricht
25/04/2025 21:00,Telstar,TOP Oss
25/04/2025 21:00,Cambuur,Vitesse Arnhem
27/04/2025 17:45,Excelsior,Emmen
28/04/2025 21:00,Jong Utrecht,Volendam
28/04/2025 21:00,Jong AZ Alkmaar,Den Bosch
28/04/2025 21:00,Jong Ajax Amsterdam,Helmond
28/04/2025 21:00,Jong PSV Eindhoven,FC Eindhoven
28/04/2025 21:00,Venlo,De Graafschap
27/04/2025 15:30,Rosenborg,Molde
27/04/2025 18:00,Bodo/Glimt,KFUM Oslo
27/04/2025 18:00,Brann,Bryne
27/04/2025 18:00,Sandefjord,HamKam
27/04/2025 18:00,Sarpsborg 08,Stromsgodset
27/04/2025 18:00,Haugesund,Fredrikstad
27/04/2025 18:00,Kristiansund,Valerenga
27/04/2025 20:15,Viking,Tromso
24/04/2025 18:00,Levanger,Rana
24/04/2025 18:30,Grorud,Hodd
24/04/2025 19:00,Pors,Start
24/04/2025 19:00,OS TF,Lysekloster
24/04/2025 19:00,Stjordals Blink,Ranheim
24/04/2025 19:00,Sortland,Tromsdalen
24/04/2025 19:00,Traeff,Molde
24/04/2025 19:00,Lorenskog,HamKam
24/04/2025 19:00,Torvastad,Bryne
24/04/2025 19:00,Ready,KFUM Oslo
24/04/2025 19:00,Kjelsas,Lyn FK
24/04/2025 19:00,Gamle Oslo,Sarpsborg 08
24/04/2025 19:00,Follo,Moss
24/04/2025 19:00,Strommen,Raufoss
24/04/2025 19:00,Fram Larvik,Stabaek
24/04/2025 19:00,Sotra,Asane
24/04/2025 19:00,Flekkeroy,Viking
24/04/2025 19:00,Orn Horten,Sandefjord
24/04/2025 19:00,Jerv,Egersund
24/04/2025 19:00,Strindheim,Rosenborg
24/04/2025 19:00,Sandviken,Sogndal
24/04/2025 19:00,Junkeren,Bodo/Glimt
24/04/2025 19:00,Flint,Fredrikstad
24/04/2025 19:00,Nardo,Kristiansund
24/04/2025 19:00,Alta,Skeid
24/04/2025 19:00,Vidar,Haugesund
24/04/2025 19:00,Ullensaker/Kisa,Aalesund
24/04/2025 19:00,Bjarg,Brann
24/04/2025 19:00,Elverum,Kongsvinger
24/04/2025 19:30,Eidsvold TF,Lillestrom
24/04/2025 20:05,Mjondalen,Stromsgodset
28/04/2025 20:00,Mjondalen,Start
25/04/2025 19:00,Puszcza Niepolomice,Pogon Szczecin
25/04/2025 21:30,Rakow Czestochowa,Slask Wroclaw
26/04/2025 15:45,Lechia Gdansk,Piast Gliwice
26/04/2025 18:30,Motor Lublin,Cracovia
26/04/2025 21:15,GKS Katowice,Legia Varsovia
27/04/2025 13:15,Korona Kielce,Jagiellonia Bialystok
27/04/2025 15:45,Gornik Zabrze,Widzew Lodz
27/04/2025 18:30,Radomiak Radom,Lech Poznan
28/04/2025 20:00,Zaglebie Lubin,Stal Mielec
02/05/2025 17:00,Pogon Szczecin,Legia Varsovia
24/04/2025 18:00,Spartak Subotica,Napredak Krusevac
24/04/2025 19:00,Jedinstvo Ub,Cukaricki
26/04/2025 14:30,Dundee United,Celtic
26/04/2025 17:00,Aberdeen,Hibernian
26/04/2025 17:00,St. Mirren,Rangers
26/04/2025 17:00,Hearts,Dundee FC
26/04/2025 17:00,Kilmarnock,Ross County
26/04/2025 17:00,Motherwell,St. Johnstone
24/04/2025 20:00,GAIS,Brommapojkarna
24/04/2025 20:00,Djurgarden,Osters
24/04/2025 20:00,Varnamo,AIK Stockholm
24/04/2025 20:00,Norrkoping,IFK Goteborg
27/04/2025 15:00,Mjallby,Degerfors
27/04/2025 15:00,Hacken,Hammarby IF
27/04/2025 17:00,AIK Stockholm,Elfsborg
27/04/2025 17:30,Sirius,Halmstads
27/04/2025 17:30,Varnamo,Norrkoping
28/04/2025 20:00,Brommapojkarna,Djurgarden
28/04/2025 20:10,IFK Goteborg,GAIS
29/04/2025 20:00,Malmo FF,Osters
26/04/2025 21:30,Cincinnati,Sporting Kansas City
26/04/2025 21:30,Toronto,New York City
26/04/2025 23:30,Philadelphia Union,DC United
26/04/2025 23:30,New York RB,Montreal
27/04/2025 02:15,Orlando City,Atlanta United
27/04/2025 02:30,Columbus Crew,San Jose Earthquakes
27/04/2025 02:30,Charlotte,New England Revolution
27/04/2025 02:30,San Diego FC,Real Salt Lake
27/04/2025 03:30,Houston Dynamo,Austin
27/04/2025 03:30,Nashville,Chicago Fire
27/04/2025 04:30,Colorado Rapids,Seattle Sounders
27/04/2025 22:00,Minnesota United,Vancouver Whitecaps
28/04/2025 00:00,Inter Miami,Dallas
28/04/2025 02:00,Los Angeles FC,Saint Louis City
28/04/2025 04:00,Los Angeles Galaxy,Portland Timbers
03/05/2025 21:45,Atlanta United,Nashville
03/05/2025 23:30,Toronto,New England Revolution
04/05/2025 02:30,Inter Miami,New York RB
04/05/2025 02:30,Columbus Crew,Charlotte
04/05/2025 02:30,Montreal,Philadelphia Union
04/05/2025 02:30,DC United,Colorado Rapids
04/05/2025 03:30,Chicago Fire,Orlando City
04/05/2025 03:30,Austin,Minnesota United
04/05/2025 04:15,San Diego FC,Dallas
04/05/2025 04:30,Vancouver Whitecaps,Real Salt Lake
04/05/2025 05:30,Los Angeles FC,Houston Dynamo
04/05/2025 05:30,San Jose Earthquakes,Portland Timbers
04/05/2025 05:30,Seattle Sounders,Saint Louis City
04/05/2025 22:00,New York City,Cincinnati
05/05/2025 02:00,Sporting Kansas City,Los Angeles Galaxy
25/04/2025 21:00,Nyiregyhaza Spartacus,Debrecen VSC
26/04/2025 16:15,Puskas Akademia,Fehervar
26/04/2025 18:30,Gyor ETO,Paksi
26/04/2025 21:00,Ujpest,Diosgyori VTK
27/04/2025 16:30,MTK Budapesta,Ferencvaros
27/04/2025 19:00,Zalaegerszegi,Kecskemeti TE
25/04/2025 15:30,Inhulets Petrove,Oleksandriya
25/04/2025 18:00,Zorya Lugansk,Levy Bereg Kiev
26/04/2025 13:00,Chernomorets Odesa,Rukh Lviv
26/04/2025 15:30,LNZ Cherkasy,Kryvbas Kryvyi Rih
26/04/2025 18:00,Obolon Kiev,Karpaty Lviv
27/04/2025 13:00,Vorskla Poltava,Veres Rivne
27/04/2025 15:30,Kolos Kovalivka,Polissya Zhytomyr
27/04/2025 18:00,Shakhtar Donetsk,Dynamo Kiev
02/05/2025 15:30,Levy Bereg Kiev,Karpaty Lviv
02/05/2025 18:00,Rukh Lviv,Kryvbas Kryvyi Rih
03/05/2025 13:00,Chernomorets Odesa,Shakhtar Donetsk
03/05/2025 15:30,Inhulets Petrove,Dynamo Kiev
03/05/2025 18:00,Veres Rivne,Obolon Kiev
04/05/2025 13:00,LNZ Cherkasy,Zorya Lugansk
04/05/2025 15:30,Kolos Kovalivka,Vorskla Poltava
04/05/2025 18:00,Polissya Zhytomyr,Oleksandriya
24/04/2025 19:00,Vestmannaeyjar,Fram Reykjavik
24/04/2025 22:15,Afturelding,Vikingur Reykjavik
27/04/2025 22:15,KR Reykjavik,IA Akranes
26/04/2025 20:30,Hapoel Haifa,Maccabi Tel Aviv
27/04/2025 20:15,Maccabi Netanya,Hapoel Beer Sheva
28/04/2025 20:30,Beitar Jerusalem,Maccabi Haifa
26/04/2025 20:30,Bnei Sakhnin,SC Ashdod
26/04/2025 20:30,Ironi Tiberias,Maccabi Bnei Reine
26/04/2025 20:30,Hapoel Katamon Jerusalem,Maccabi Petah Tikva
26/04/2025 20:30,Hapoel Hadera,Hapoel Ironi Kiryat Shmona
04/06/2025 21:45,Germania,Portugalia
05/06/2025 21:45,Spania,Franta
10/06/2025 21:45,Finlanda,Polonia
07/06/2025 21:45,Austria,Romania
06/06/2025 21:45,Macedonia de Nord,Belgia
06/06/2025 03:00,Columbia,Peru
06/06/2025 03:00,Chile,Argentina
06/06/2025 03:00,Paraguay,Uruguay
06/06/2025 03:00,Ecuador,Brazilia
06/06/2025 03:00,Venezuela,Bolivia
15/06/2025 03:00,Al Ahly Cairo,Inter Miami
16/06/2025 01:00,Palmeiras,Porto
15/06/2025 22:00,PSG,Atletico Madrid
16/06/2025 05:00,Botafogo RJ,Seattle Sounders
15/06/2025 19:00,Bayern Munchen,Auckland City
17/06/2025 01:00,CA Boca Juniors,Benfica
17/06/2025 04:00,Flamengo,Esperance Tunis
17/06/2025 22:00,CA River Plate,Urawa Red Diamonds
18/06/2025 04:00,Monterrey,Inter Milan
17/06/2025 19:00,Fluminense,Borussia Dortmund
18/06/2025 01:00,Ulsan HD,Mamelodi Sundowns
18/06/2025 19:00,Manchester City,Wydad Casablanca
19/06/2025 04:00,Al Ain,Juventus
18/06/2025 22:00,Real Madrid,Al Hilal
19/06/2025 01:00,Pachuca,RB Salzburg
26/04/2025 16:00,Polokwane City,Supersport United
26/04/2025 16:00,Lamontville Golden Arrows,AmaZulu
26/04/2025 16:00,Kaizer Chiefs,Marumo Gallants
27/04/2025 16:30,TS Galaxy,Sekhukhune United
25/04/2025 20:30,Durban City FC 2024,Pretoria Callies
26/04/2025 16:00,Casric Stars,Cape Town Spurs
26/04/2025 16:00,Hungry Lions,JDR Stars
26/04/2025 16:00,Venda FA,Upington City FC
26/04/2025 16:00,Baroka,Highbury FC
26/04/2025 16:00,Leruma United,Pretoria University
24/04/2025 16:00,Besa Kavaje,Apolonia Fier
24/04/2025 16:00,Burreli,Pogradeci
24/04/2025 20:00,Paradou AC,ES Setif
25/04/2025 18:00,ASO Chlef,US Biskra
25/04/2025 20:00,MC Oran,Olympique Akbou
26/04/2025 20:00,JS Saoura,USM Alger
24/04/2025 13:00,ES Mostaganem U21,NC Magra U21
24/04/2025 13:00,MC Alger U21,MC El Bayadh U21
24/04/2025 18:00,JS Kabylie U21,CR Belouizdad U21
24/04/2025 18:00,CS Constantine U21,USM Khenchela U21
24/04/2025 21:45,Stevenage,Birmingham City
26/04/2025 14:30,Leyton Orient,Wycombe Wanderers
26/04/2025 14:30,Bristol Rovers,Reading
26/04/2025 17:00,Stockport County,Lincoln City
26/04/2025 17:00,Wigan Athletic,Blackpool
26/04/2025 17:00,Peterborough United,Bolton Wanderers
26/04/2025 17:00,Crawley Town,Northampton Town
26/04/2025 17:00,Burton Albion,Cambridge United
26/04/2025 17:00,Barnsley,Shrewsbury Town
26/04/2025 17:00,Exeter City,Huddersfield Town
26/04/2025 19:30,Wrexham,Charlton Athletic
27/04/2025 16:00,Stevenage,Rotherham United
27/04/2025 17:00,Birmingham City,Mansfield Town
26/04/2025 14:30,Wimbledon,Port Vale
26/04/2025 14:30,Doncaster Rovers,Bradford City
26/04/2025 15:00,Harrogate Town,Notts County
26/04/2025 17:00,Salford City,Colchester United
26/04/2025 17:00,Fleetwood Town,Newport County
26/04/2025 17:00,Walsall,Accrington Stanley
26/04/2025 17:00,Cheltenham Town,Carlisle United
26/04/2025 17:00,Barrow,Bromley
26/04/2025 17:00,Gillingham,Swindon Town
26/04/2025 17:00,Chesterfield,Morecambe
26/04/2025 17:00,Milton Keynes Dons,Grimsby Town
26/04/2025 17:00,Tranmere Rovers,Crewe Alexandra
26/04/2025 14:30,Woking,Eastleigh
26/04/2025 17:00,Barnet,Aldershot Town
26/04/2025 17:00,Boston United,Gateshead
26/04/2025 17:00,Yeovil Town,Sutton United
26/04/2025 17:00,Dagenham & Redbridge,Altrincham
26/04/2025 17:00,Tamworth,Fylde
26/04/2025 17:00,York City,Solihull Moors
26/04/2025 17:00,Rochdale,Hartlepool United
26/04/2025 17:00,Ebbsfleet United,Maidenhead United
26/04/2025 17:00,Halifax Town,Braintree Town
26/04/2025 17:00,Forest Green Rovers,Oldham Athletic
26/04/2025 19:30,Southend United,Wealdstone
26/04/2025 17:00,Southport,Kidderminster Harriers
26/04/2025 17:00,Rushall Olympic,Chorley
26/04/2025 17:00,Curzon Ashton,Leamington
26/04/2025 17:00,Kings Lynn Town,Chester
26/04/2025 17:00,Spennymoor Town,Oxford City
26/04/2025 17:00,Hereford,Scunthorpe United
26/04/2025 17:00,Darlington,Needham Market
26/04/2025 17:00,Peterborough Sports,Scarborough Athletic
26/04/2025 17:00,Buxton,Warrington Town
26/04/2025 17:00,Radcliffe,Alfreton Town
26/04/2025 17:00,Marine,South Shields
26/04/2025 17:00,Chippenham Town,Hornchurch
26/04/2025 17:00,Dorking Wanderers,Chesham United
26/04/2025 17:00,Aveley,Bath City
26/04/2025 17:00,Welling United,Salisbury
26/04/2025 17:00,Hemel Hempstead Town,Torquay United
26/04/2025 17:00,Farnborough,Maidstone United
26/04/2025 17:00,Truro City,St Albans City
26/04/2025 17:00,Eastbourne Borough,Weston Super Mare
26/04/2025 17:00,Enfield Town,Worthing
26/04/2025 17:00,Weymouth,Chelmsford City
26/04/2025 17:00,Slough Town,Hampton & Richmond
26/04/2025 17:00,Tonbridge Angels,Boreham Wood
26/04/2025 17:00,Macclesfield,Whitby Town
26/04/2025 17:00,Matlock Town,Lancaster City
26/04/2025 17:00,Gainsborough Trinity,Leek Town
26/04/2025 17:00,Workington,Ashton United
26/04/2025 17:00,United of Manchester,Guiseley
26/04/2025 17:00,Mickleover,Prescot Cables
26/04/2025 17:00,Stockton Town,Hyde United
26/04/2025 17:00,Warrington Rylands,Morpeth Town
26/04/2025 17:00,Bamber Bridge,Ilkeston Town
26/04/2025 17:00,Basford United,Hebburn Town
26/04/2025 17:00,Blyth Spartans,Worksop Town
26/04/2025 17:00,St Ives Town,Stratford Town
26/04/2025 17:00,Alvechurch,Lowestoft Town
26/04/2025 17:00,Stamford,Halesowen Town
26/04/2025 17:00,Sudbury,Harborough Town
26/04/2025 17:00,Bedford Town,Stourbridge
26/04/2025 17:00,Barwell,Spalding United
26/04/2025 17:00,Redditch United,Hitchin Town
26/04/2025 17:00,Leiston,Biggleswade Town
26/04/2025 17:00,Kettering Town,Banbury United
26/04/2025 17:00,Bromsgrove Sporting,Bishop's Stortford
26/04/2025 17:00,Hanwell Town,Plymouth Parkway
26/04/2025 17:00,Basingstoke Town,Merthyr Town
26/04/2025 17:00,Gloucester City,Gosport Borough
26/04/2025 17:00,Walton & Hersham,Swindon Supermarine
26/04/2025 17:00,Hungerford Town,Dorchester Town
26/04/2025 17:00,Havant & Waterlooville,Wimborne Town
26/04/2025 17:00,Poole Town,Chertsey Town
26/04/2025 17:00,Sholing,Bracknell Town
26/04/2025 17:00,Winchester City,Taunton Town
26/04/2025 17:00,Wingate & Finchley,Canvey Island
26/04/2025 17:00,Hastings United,Potters Bar Town
26/04/2025 17:00,Lewes,Cray Wanderers
26/04/2025 17:00,Chichester City,Dover Athletic
26/04/2025 17:00,Bowers & Pitsea,Whitehawk
26/04/2025 17:00,Hendon,Bognor Regis Town
26/04/2025 17:00,Dulwich Hamlet,Chatham Town
26/04/2025 17:00,Dartford,Carshalton Athletic
26/04/2025 17:00,Billericay Town,Cheshunt
26/04/2025 17:00,Horsham,Hashtag United
26/04/2025 17:00,Cray Valley,Folkestone Invicta
25/04/2025 13:00,Fleetwood Town U21,Burnley U21
25/04/2025 15:00,Bournemouth U21,Colchester United U21
25/04/2025 15:30,Coventry City U21,Swansea City U21
25/04/2025 16:00,Watford U21,Cardiff City U21
25/04/2025 16:00,Queens Park Rangers U21,Brentford U21
26/04/2025 17:00,Manchester City U21,Liverpool U21
26/04/2025 17:00,West Ham U21,Sunderland U21
26/04/2025 17:00,Chelsea U21,Wolverhampton U21
26/04/2025 17:00,Arsenal U21,Newcastle U21
26/04/2025 17:00,Manchester United U21,Everton U21
26/04/2025 19:30,CA Atlanta,Patronato Parana
26/04/2025 21:30,CA San Miguel,Los Andes
26/04/2025 21:30,Colegiales,CA Guemes
27/04/2025 00:00,Deportivo Madryn,CD Maipu
27/04/2025 01:10,Quilmes,Almagro
27/04/2025 02:00,Arsenal de Sarandi,San Martin Tucuman
27/04/2025 18:00,Alvarado,Gimnasia y Tiro
27/04/2025 22:00,Racing Cordoba,Ferro Carril Oeste
29/04/2025 03:10,CA All Boys,Tristan Suarez
26/04/2025 21:30,Defensores Unidos,Talleres Remedios Escalada
26/04/2025 22:30,Chaco For Ever,San Telmo
26/04/2025 23:10,Estudiantes BA,Deportivo Moron
27/04/2025 21:00,Almirante Brown,Agropecuario Argentino
27/04/2025 21:30,CA Temperley,Estudiantes Rio Cuarto
27/04/2025 22:00,Gimnasia Esgrima Mendoza,Nueva Chicago
27/04/2025 23:00,Mitre Santiago del Estero,Chacarita Juniors
28/04/2025 00:30,Central Norte Salta,Gimnasia y Esgrima Jujuy
28/04/2025 02:15,Colon de Santa Fe,Defensores Belgrano
24/04/2025 21:00,Barracas Central (R),Estudiantes LP (R)
24/04/2025 21:00,Instituto Cordoba (R),San Martin SJ (R)
24/04/2025 21:00,CA Aldosivi (R),Union Santa Fe (R)
24/04/2025 21:00,Belgrano (R),Talleres Cordoba (R)
24/04/2025 21:00,San Lorenzo (R),Lanus (R)
24/04/2025 21:00,Gimnasia Plata (R),Sarmiento (R)
25/04/2025 06:30,Sydney FC Tineret,Sutherland Sharks
26/04/2025 10:30,NWS Spirit,St George Saints
26/04/2025 12:15,St George City,WS Wanderers Tineret
25/04/2025 07:30,Adamstown Rosebud,Weston Workers Bears
25/04/2025 10:00,New Lambton FC,Belmont Swansea United
26/04/2025 07:00,Edgeworth Eagles,Newcastle Olympic
26/04/2025 09:30,Valentine,Lambton Jaffas
26/04/2025 09:30,Cooks Hill United,Charlestown Azzurri
25/04/2025 10:30,Peninsula Power,St. George Willawong
25/04/2025 12:30,Moreton City Excelsior,Gold Coast United
24/04/2025 13:00,Adelaide Croatia Raiders,Adelaide Comets
25/04/2025 08:30,Adelaide City,Croydon Kings
25/04/2025 12:30,Beograd Woodville,Modbury Jets
26/04/2025 08:30,Campbelltown City,Para Hills Knights
26/04/2025 13:00,Metro Stars,Playford City Patriots
26/04/2025 07:15,Riverside Olympic,Glenorchy Knights
26/04/2025 07:30,Launceston United,Devonport City Strikers
26/04/2025 09:45,Launceston City,Kingborough Lions United
25/04/2025 10:30,Altona Magic,Oakleigh Cannons
25/04/2025 12:30,Green Gully,South Melbourne
25/04/2025 12:30,Heidelberg United,Avondale FC
25/04/2025 12:45,Dandenong City,Port Melbourne Sharks
25/04/2025 13:30,Hume City,Melbourne Knights
25/04/2025 13:30,Preston Lions,St Albans Saints
24/04/2025 14:00,Bayswater City,Balcatta Etna
26/04/2025 10:00,Armadale SC,Olympic Kingsway
26/04/2025 10:00,Sorrento,Stirling Macedonia
26/04/2025 10:00,Western Knights,Perth Glory Tineret
26/04/2025 10:00,Perth RedStar,Perth SC
26/04/2025 10:00,Floreat Athena,Fremantle City
26/04/2025 08:00,Cooma Tigers,Gungahlin United
26/04/2025 10:30,Canberra Croatia,Queanbeyan City
26/04/2025 10:45,Monaro Panthers,O'Connor Knights
25/04/2025 08:00,UNSW,Canterbury Bankstown
26/04/2025 09:30,Hakoah Sydney,Bonnyrigg White Eagles
26/04/2025 10:00,Macarthur Rams,Blacktown Spartans
26/04/2025 10:00,Bankstown City,Newc.Jets Tin.
26/04/2025 10:00,Rydalmere Lions,Northern Tigers
26/04/2025 10:00,Dulwich Hill,Hills United
26/04/2025 12:00,Mounties Wanderers,Inter Lions
25/04/2025 11:15,Bentleigh Greens,Manningham United Blues
25/04/2025 12:30,Northcote City,Brunswick City
25/04/2025 13:30,Moreland City,Kingston City
26/04/2025 08:00,North Sunshine Eagles,Western United Tineret
26/04/2025 11:00,Eastern Lions,Caroline Springs George Cross FC
26/04/2025 11:30,Melbourne Srbija,Langwarrin
26/04/2025 08:00,ANU FC,Brindabella Blues
26/04/2025 08:00,Canberra Juventus,Wagga City Wanderers
26/04/2025 08:00,Canberra White Eagles,West Canberra Wanderers
26/04/2025 08:00,Canberra Olympic,Belconnen United
25/04/2025 09:15,West Adelaide,The Cove FC
25/04/2025 13:15,Olympia Warriors,Clarence Zebras II
26/04/2025 07:00,South Hobart II,Taroona
26/04/2025 07:30,New Town Eagles,Hobart City FC
26/04/2025 10:00,Inglewood Utd,Kingsley SC
26/04/2025 10:00,Subiaco AFC,Mandurah City (R)
26/04/2025 10:00,Gwelup Croatia,Dianella White Eagles
26/04/2025 10:00,Murdoch Melville,UWA Nedlands
26/04/2025 10:00,Gosnells City FC,Curtin University SC
26/04/2025 10:00,Kalamunda City FC,Joondalup City
25/04/2025 19:00,ASK Voitsberg,First Vienna
25/04/2025 19:00,Admira Wacker,Sturm Graz II
25/04/2025 19:00,St. Polten,SV Horn
25/04/2025 19:00,Lafnitz,Rapid Viena II
25/04/2025 21:30,Austria Lustenau,SW Bregenz
26/04/2025 15:30,FAC Viena,Amstetten
27/04/2025 11:30,Kapfenberger,Ried
24/04/2025 16:00,Qaradag Lokbatan,Difai Agsu
24/04/2025 16:00,Energetik Mingechevir,Baku Sporting
24/04/2025 19:20,Al Tadamun,Busaiteen
24/04/2025 19:20,Bouri,Etehad Alreef
25/04/2025 12:30,Bangladesh Police,Dhaka Wanderers
25/04/2025 18:45,BATE Borisov,Slutsk
25/04/2025 20:45,Slavia Mozyr,Arsenal Dzerzhinsk
26/04/2025 17:00,Naftan Novopolotsk,Smorgon
26/04/2025 19:00,Vitebsk,Gomel
26/04/2025 20:55,Neman Grodno,Dinamo Brest 1960
27/04/2025 16:00,Isloch Minsk Raion,Molodechno
27/04/2025 18:00,Torpedo Belaz Zhodino,ML Vitebsk
27/04/2025 20:00,Dinamo Minsk,FC Minsk
25/04/2025 21:00,RFC Liege U21,Royale Union SG U21
25/04/2025 21:00,RWDM U21,SK Beveren U21
25/04/2025 21:15,Westerlo U21,Kortrijk U21
25/04/2025 21:30,Raal La Louviere U21,Lierse Kempenzonen U21
26/04/2025 01:00,CD Aurora,CDT Real Oruro
26/04/2025 03:30,Guabira,Real Tomayapo
26/04/2025 22:00,San Jose de Oruro,ABB
27/04/2025 00:15,Oriente Petrolero,San Antonio Bulo Bulo
27/04/2025 03:00,Independiente Petrolero,The Strongest
27/04/2025 22:00,Nacional Potosi,Jorge Wilstermann
28/04/2025 00:15,Universitario de Vinto,Always Ready
28/04/2025 02:30,Bolivar La Paz,Blooming Santa Cruz
26/04/2025 23:00,Confianca SE,Ponte Preta
26/04/2025 23:00,Londrina,Maringa
27/04/2025 01:30,CSA AL,Nautico PE
27/04/2025 01:30,Retro PE,Figueirense
27/04/2025 22:30,Itabaiana,Sao Bernardo
27/04/2025 22:30,Ituano,Tombense
28/04/2025 01:00,Brusque,Ypiranga RS
28/04/2025 01:00,Botafogo PB,ABC RN
29/04/2025 01:30,SER Caxias,Guarani SP
29/04/2025 01:30,Anapolis,Floresta
07/09/2025 22:00,Fortaleza,Bahia
24/04/2025 22:00,Palmeiras SP U20,Corinthians U20
24/04/2025 17:30,Union Douala,Fortuna Mfou
26/04/2025 03:00,Valour,HFX Wanderers
27/04/2025 00:00,Cavalry,Atletico Ottawa
27/04/2025 03:00,Vancouver Langley,Pacific
27/04/2025 21:00,York United,Forge
25/04/2025 19:00,Vysocina Jihlava,Slavia Praga B
26/04/2025 11:15,Chrudim,Lisen
26/04/2025 01:00,Nublense,Deportes La Serena
26/04/2025 01:00,Union La Calera,Audax Italiano
26/04/2025 03:30,Universidad Catolica (CHL),Everton de Vina del Mar
26/04/2025 22:00,Cobresal,Deportes Limache
27/04/2025 03:00,Colo Colo,Coquimbo Unido
27/04/2025 19:30,O'Higgins,Deportes Iquique
27/04/2025 22:00,Palestino,Universidad de Chile
28/04/2025 00:30,Huachipato,Union Espanola
26/04/2025 19:00,Deportes Recoleta,Universidad de Concepcion
26/04/2025 19:00,CD Santa Cruz,Deportes Copiapo
26/04/2025 22:00,Rangers Talca,Santiago Wanderers
27/04/2025 00:30,Deportes Temuco,Curico Unido
27/04/2025 19:30,Deportes Antofagasta,San Marcos Arica
27/04/2025 22:00,Union San Felipe,Deportes Magallanes
28/04/2025 00:30,San Luis Quillota,Cobreloa Calama
26/04/2025 19:00,Apollon Limassol,APOEL Nicosia
26/04/2025 19:00,Omonia Nicosia,Pafos
27/04/2025 19:00,Aris Limassol,AEK Larnaca
25/04/2025 19:00,AEL Limassol,Anorthosis Famagusta
28/04/2025 19:00,Karmiotissa Polemidion,PAC Omonia 29M
28/04/2025 19:00,Omonia Aradippou,Ethnikos Achnas
28/04/2025 19:00,Enosis Neon Paralimni,Nea Salamina Famagusta
30/04/2025 19:00,Omonia Nicosia,AEK Larnaca
30/04/2025 19:00,Pafos,Apollon Limassol
26/04/2025 22:00,Envigado,Union Magdalena
27/04/2025 00:10,Alianza Valledupar,Aguilas Doradas
27/04/2025 02:20,Deportes Tolima,La Equidad
27/04/2025 04:30,Deportivo Pereira,Junior Barranquilla
27/04/2025 22:00,Independiente Santa Fe,Boyaca Chico
28/04/2025 00:10,Fortaleza CEIF,Independiente Medellin
28/04/2025 02:20,America de Cali,Deportivo Cali
28/04/2025 04:30,Atletico Bucaramanga,Millonarios
30/04/2025 03:30,Atletico Nacional,Deportivo Pasto
25/04/2025 23:30,Atletico de Cali,Real Cartagena
26/04/2025 00:30,Jaguares de Cordoba,Internacional de Palmira
26/04/2025 03:30,Leones,Cucuta Deportivo
27/04/2025 23:00,Bogota,Boca Juniors de Cali
28/04/2025 00:00,Deportes Quindio,Real Santander
28/04/2025 01:00,Barranquilla,Atletico Huila
26/04/2025 08:00,Cheonan City,Cheongju
26/04/2025 08:00,Seoul E-Land,Gyeongnam
26/04/2025 10:30,Bucheon,Incheon United
26/04/2025 10:30,Chungnam Asan,Ansan Greeners
27/04/2025 08:00,Gimpo,Jeonnam Dragons
27/04/2025 08:00,Suwon Bluewings,Seongnam
27/04/2025 10:30,Busan IPark,Hwaseong
24/04/2025 13:00,Hwacheon KSPO (F),Sejong Sportstoto (F)
24/04/2025 13:00,Seoul City (F),Changnyeong (F)
24/04/2025 13:00,Incheon Steel (F),Suwon FC (F)
24/04/2025 13:00,Gyeongju KHNP (F),Boeun Sangmu (F)
26/04/2025 05:00,Municipal Santa Ana,Santos de Guapiles
27/04/2025 02:00,Guanacasteca,Sporting San Jose
27/04/2025 05:00,Deportivo Saprissa,Cartagines
28/04/2025 00:00,Municipal Perez Zeledon,Municipal Liberia
28/04/2025 02:00,Puntarenas,Alajuelense
25/04/2025 20:00,AC Horsens,Kolding IF
26/04/2025 14:00,Odense BK,Hvidovre
27/04/2025 16:00,Fredericia,Esbjerg fB
25/04/2025 20:00,Hillerod,HB Koge
25/04/2025 20:00,B.93 Copenhaga,Hobro
26/04/2025 15:00,FC Roskilde,Vendsyssel
26/04/2025 15:00,Middelfart BK,AB Gladsaxe
26/04/2025 15:00,Fremad Amager,Aarhus Fremad
27/04/2025 15:00,Skive IK,Naestved
25/04/2025 20:00,Hellerup IK,Nykobing
26/04/2025 14:00,Ishoj IF,Thisted
26/04/2025 15:00,BK Frem,Helsingor
26/04/2025 14:00,Odder IGF,Holbaek BI
26/04/2025 14:30,VSK Aarhus,Brabrand IF
26/04/2025 15:00,Bronshoj BK,Naesby BK
26/04/2025 14:00,BK Avarta,Frederiksberg Alliancen 2000
26/04/2025 15:00,Young Boys FD,IF Lyseng
26/04/2025 17:00,Sundby BK,Holstebro BK
24/04/2025 20:00,Horsens FS,Kjellerup IF
26/04/2025 03:00,CD El Nacional,Delfin
26/04/2025 22:00,Vinotinto,Deportivo Cuenca
27/04/2025 00:30,Manta,LDU Quito
27/04/2025 03:00,CSD Macara,Barcelona SC (ECU)
27/04/2025 21:00,Aucas,Mushuc Runa
27/04/2025 23:30,Orense,Independiente del Valle
28/04/2025 02:00,CS Emelec,Tecnico Universitario
29/04/2025 03:00,Libertad FC,Universidad Catolica (ECU)
24/04/2025 23:30,9 De Octubre,Cumbaya FC
25/04/2025 03:00,Chacaritas,Guayaquil City
30/04/2025 17:00,Haras El Hodood,Pyramids FC
30/04/2025 19:00,Petrojet,Al Ahly Cairo
25/04/2025 17:30,Tersana,El Qanah
25/04/2025 17:30,El Sekka El Hadid,Sporting Alexandria
25/04/2025 17:30,Kahraba Ismailia,El Daklyeh
25/04/2025 17:30,Gazl Kafr Eldwar,Suez Montakhab
25/04/2025 20:00,Wadi Degla,Al Mokawloon
24/04/2025 20:00,Ceramica Cleopatra,Petrojet
27/04/2025 16:30,Basel,Lausanne Sport
25/04/2025 20:30,Schaffhausen,Aarau
25/04/2025 21:15,Xamax,Thun
26/04/2025 19:00,Lausanne Ouchy,Nyonnais
27/04/2025 15:15,Wil,Bellinzona
27/04/2025 15:15,Vaduz,Etoile Carouge
24/04/2025 19:00,FC Tallinn,Elva
27/04/2025 18:30,SalPa,PK-35
27/04/2025 18:30,KaPa,SJK Akatemia
25/04/2025 19:00,Tampere United,KPV Kokkola
24/04/2025 20:15,EsPa/Renat,NuPS
24/04/2025 20:15,Espoon Tikka,SexyPoxyt
24/04/2025 19:15,Atlantis FC/PM,ToTe
24/04/2025 20:20,Ppj Ruoholahti,IF Sibbo Var.
24/04/2025 18:30,Japs 47,Ppj/Lauttasaari
24/04/2025 20:15,HJK/Kantsu,TiPS
24/04/2025 20:15,NoPS,FC Lasten
24/04/2025 19:00,FC Ylivieska,FC Saaripotku
25/04/2025 20:30,Aubagne,Chateauroux
25/04/2025 20:30,Villefranche,Boulogne
25/04/2025 20:30,Concarneau,Quevilly Rouen
25/04/2025 20:30,Versailles,Bourg Peronnas
25/04/2025 20:30,Nimes,Paris 13 Atletico
25/04/2025 20:30,Orleans,Nancy
25/04/2025 20:30,Valenciennes,Le Mans
25/04/2025 20:30,Sochaux,Dijon
24/04/2025 18:00,Telavi,Iberia 1999
24/04/2025 19:00,Gareji,Dila Gori
24/04/2025 20:00,Torpedo Kutaisi,Gagra
25/04/2025 16:00,Kolkheti Poti,Samgurali Tskhaltubo
25/04/2025 19:00,Dinamo Tbilisi,Dinamo Batumi
24/04/2025 13:00,Lokomotiv Tbilisi,FC Spaeri
24/04/2025 14:00,FC Rustavi,FC Gonio
24/04/2025 15:00,Iberia 1999 2,Merani Martvili
24/04/2025 15:00,Samtredia,Meshakhte Tkibuli
25/04/2025 20:00,Meppen,Hamburger II
25/04/2025 20:30,BW Lohne,SSV Jeddeloh
25/04/2025 20:30,Kickers Emden,VfB Lubeck
25/04/2025 19:30,Borussia Monchengladbach II,MSV Duisburg
25/04/2025 20:30,FC Koln II,Lotte
25/04/2025 20:00,Lokomotive Leipzig,Greifswalder
25/04/2025 20:00,Hallescher,Chemie Leipzig
25/04/2025 20:00,Astoria Walldorf,Steinbach Haiger
25/04/2025 20:00,Homburg,SGV Freiberg
25/04/2025 20:00,Villingen,FSV Frankfurt
25/04/2025 19:30,Wurzburger Kickers,Eintracht Bamberg
25/04/2025 20:00,Augsburg II,Hankofen Hailing
25/04/2025 20:00,Viktoria Aschaffenburg,Schweinfurt
24/04/2025 15:00,AE Kifisia (F),PAOK Salonic (F)
25/04/2025 00:00,Mixco,Antigua
25/04/2025 05:00,Xelaju MC,Coban Imperial
27/04/2025 04:30,Motagua,Real Espana
28/04/2025 00:00,Olancho,Lobos UPNFM
28/04/2025 00:00,CD Real Sociedad,CD Victoria
28/04/2025 02:15,CD Marathon,CD Olimpia
24/04/2025 14:00,Northeast United,Mohammedan
24/04/2025 17:30,Jamshedpur,Hyderabad
24/04/2025 15:00,Arema,Madura United
25/04/2025 11:30,PSIS Semarang,Borneo Samarinda
25/04/2025 11:30,Dewa United,Malut United
25/04/2025 15:00,PSM Makassar,Bali United
26/04/2025 11:30,PSBS Biak,Barito Putera
26/04/2025 15:00,Persib Bandung,PSS Sleman
27/04/2025 11:30,Persis Solo,Persita Tangerang
27/04/2025 15:00,Persija Jakarta,Semen Padang
06/06/2025 11:00,Rusia,Nigeria
10/06/2025 11:00,Belarus,Rusia
24/04/2025 19:00,Maan SC,Shabab Al Ordon
25/04/2025 19:00,Al Sareeh,Al Faisaly Amman
25/04/2025 21:45,Bohemians Dublin,St. Patrick's Athletic
25/04/2025 21:45,Galway United,Drogheda United
25/04/2025 21:45,Shamrock Rovers,Shelbourne
25/04/2025 21:45,Waterford,Derry City
26/04/2025 21:45,Sligo Rovers,Cork City
25/04/2025 21:45,Treaty United,Athlone Town
25/04/2025 21:45,Wexford,UC Dublin
25/04/2025 21:45,Bray Wanderers,Kerry
25/04/2025 21:45,Cobh Ramblers,Finn Harps
26/04/2025 21:30,Longford Town,Dundalk
26/04/2025 19:30,Dungannon Swifts,Crusaders
26/04/2025 19:30,Larne,Glentoran
26/04/2025 19:30,Coleraine,Linfield
26/04/2025 19:30,Carrick Rangers,Glenavon
26/04/2025 19:30,Portadown,Ballymena United
26/04/2025 19:30,Loughgall,Cliftonville
24/04/2025 18:00,Alftanes (F),Fjolnir Reykjavik (F)
25/04/2025 13:00,Fujieda MYFC,Roasso Kumamoto
25/04/2025 13:00,Vegalta Sendai,Ehime
25/04/2025 13:00,Jubilo Iwata,Oita Trinita
25/04/2025 13:00,Omiya Ardija,Hokkaido Consadole Sapporo
25/04/2025 13:00,JEF United Chiba,Blaublitz Akita
25/04/2025 13:00,V-Varen Nagasaki,Iwaki
25/04/2025 13:00,Mito Hollyhock,Ventforet Kofu
25/04/2025 13:00,Sagan Tosu,Montedio Yamagata
26/04/2025 08:00,Renofa Yamaguchi,Imabari
26/04/2025 08:00,Tokushima Vortis,Kataller Toyama
29/04/2025 08:00,Kataller Toyama,Montedio Yamagata
29/04/2025 08:00,Oita Trinita,Sagan Tosu
29/04/2025 08:00,Ventforet Kofu,Vegalta Sendai
29/04/2025 08:00,Roasso Kumamoto,JEF United Chiba
29/04/2025 08:00,Iwaki,Omiya Ardija
29/04/2025 08:00,Blaublitz Akita,Tokushima Vortis
29/04/2025 08:00,Hokkaido Consadole Sapporo,V-Varen Nagasaki
29/04/2025 09:00,Ehime,Fujieda MYFC
29/04/2025 09:00,Jubilo Iwata,Renofa Yamaguchi
26/04/2025 08:00,Giravanz Kitakyushu,Matsumoto Yamaga
26/04/2025 13:00,Okzhetpes,Zhenis
26/04/2025 14:00,FK Aktobe,Ulytau
26/04/2025 15:00,Zhetysu Taldykorgan,Yelimay Semey
26/04/2025 17:00,Astana,Atyrau
27/04/2025 13:00,Kyzylzhar,Kaisar Kyzylorda
27/04/2025 15:00,Kairat Almaty,Tobol Kostanay
27/04/2025 17:00,Ordabasy,Turan
24/04/2025 17:30,Al Fahaheel,Al Arabi
24/04/2025 20:45,Qadsia SC,Al Salmiya
24/04/2025 18:00,Auda,Grobina
25/04/2025 18:00,Liepaja,Super Nova
25/04/2025 19:00,BFC Daugavpils,FS Metta
26/04/2025 18:00,Rigas FS,Riga FC
24/04/2025 15:00,Sagesse FC,Safa SC
24/04/2025 16:00,Tadamon Sour,Al Ahed
25/04/2025 16:00,Al Ansar,Nejmeh Beirut
24/04/2025 15:30,Shabab Al Ghazieh,Al Bourj
25/04/2025 14:30,Racing Beirut,Al Nabi Sheet
25/04/2025 20:00,FK Zalgiris,Panevezys
26/04/2025 14:00,Dziugas Telsiai,FA Siauliai
26/04/2025 20:00,DFK Dainava,Riteriai
27/04/2025 18:25,Suduva,Hegelmann
24/04/2025 18:00,Olympique Dcheira,Mouloudia Oujda
24/04/2025 18:00,Jeunesse Ben Guerir,Widad de Fes
24/04/2025 18:00,USM Oujda,Raja Beni Mellal
24/04/2025 18:00,Stade Marocain,US Yacoub Mansour
24/04/2025 18:00,Rapide Oued Zem,Kawkab Marrakech
24/04/2025 20:00,RAC Casablanca,Olympique Khouribga
24/04/2025 20:00,Chabab Atlas Khenifra,Jeunesse Sportive El Massira
25/04/2025 03:00,Venados,Mineros Zacatecas
25/04/2025 05:05,Tepatitlan,Leones Negros
25/04/2025 01:00,Artesanos Metepec FC,Club Atletico Pachuca
24/04/2025 18:00,Necaxa U23,Juarez U23
26/04/2025 03:30,Western Suburbs,Waterside Karori
26/04/2025 03:30,Nelson Suburbs,Cashmere Technical
26/04/2025 04:30,San Francisco,CA Independiente (PAN)
27/04/2025 02:00,CD Universitario,Herrera
27/04/2025 04:15,Arabe Unido,Plaza Amador
28/04/2025 00:00,Alianza Panama,Tauro FC
28/04/2025 02:15,Veraguas,Umecit
29/04/2025 04:30,Potros Del Este,Sporting San Miguelito
25/04/2025 01:00,Umecit II,Academia Costa del Este
25/04/2025 04:00,Atletico Nacional,Union Cocle
26/04/2025 01:00,CA Tembetary,CS 2 de Mayo
27/04/2025 01:00,Club Guarani,Nacional Asuncion
28/04/2025 00:00,Sportivo Luqueno,General Caballero JLM
28/04/2025 02:15,Sportivo Ameliano,Libertad Asuncion
29/04/2025 00:00,Sportivo Trinidense,Olimpia Asuncion
29/04/2025 02:15,Deportivo Recoleta,Cerro Porteno
26/04/2025 00:00,Deportivo Santani,Club 12 de Junio
26/04/2025 02:30,Guairena,Sol de America
26/04/2025 21:00,Ayacucho,Alianza Atletico
26/04/2025 23:30,Comerciantes Unidos,Alianza Lima
27/04/2025 02:30,Deportivo Garcilaso,Deportivo Binacional
27/04/2025 21:15,Los Chankas CYC,FBC Melgar
27/04/2025 23:30,Atletico Grau,Sport Boys
28/04/2025 02:00,Universitario de Deportes,UTC de Cajamarca
28/04/2025 21:00,Sporting Cristal,Juan Pablo II
28/04/2025 23:30,AD Tarma,Cusco
29/04/2025 03:00,Cienciano,Huancayo
25/04/2025 19:00,Stal Stalowa Wola,LKS Lodz
25/04/2025 21:30,Termalica Nieciecza,Wisla Krakow
26/04/2025 16:00,Warta Poznan,Kotwica Kolobrzeg
26/04/2025 18:30,GKS Tychy,Polonia Varsovia
26/04/2025 20:30,Pogon Siedlce,Arka Gdynia
27/04/2025 13:00,Odra Opole,Gornik Leczna
27/04/2025 15:30,Ruch Chorzow,Stal Rzeszow
27/04/2025 18:00,Chrobry Glogow,Miedz Legnica
28/04/2025 20:00,Wisla Plock,Znicz Pruszkow
25/04/2025 19:00,KKS Kalisz,LKS Lodz II
25/04/2025 19:00,Skra Czestochowa,Wieczysta Krakow
26/04/2025 15:15,Pogon Grodzisk Mazowiecki,Rekord Bielsko-Biala
26/04/2025 18:00,Podbeskidzie Bielsko-Biala,Olimpia Grudziadz
26/04/2025 18:00,Olimpia Elblag,Resovia Rzeszow
26/04/2025 19:00,Polonia Bytom,Wisla Pulawy
27/04/2025 13:00,Swit Szczecin,Chojniczanka Chojnice
27/04/2025 14:00,Hutnik Krakow,Zaglebie Lubin II
25/04/2025 20:23,Lechia Tomaszow Mazowiecki,GKS Belchatow
25/04/2025 20:45,Unia Skierniewice,Warta Sieradz
26/04/2025 14:00,Jagiellonia II,GKS Wikielec
26/04/2025 17:00,LKS Lomza,Bron Radom
26/04/2025 17:00,Nowy Dwor Mazowiecki,Sokol Aleksandrow Lodzki
26/04/2025 18:00,Pelikan Lowicz,Legia Varsovia II
26/04/2025 19:00,Victoria Sulejowek,Mlawianka Mlawa
27/04/2025 16:00,Stomil Olsztyn,Polonia Lidzbark Warminski
27/04/2025 18:30,Wisla Plock II,Wigry Suwalki
26/04/2025 13:00,Sokol Kleczew,Gedania Gdansk
26/04/2025 14:00,Cartusia Kartuzy,Blekitni Stargard
26/04/2025 14:00,Unia Swarzedz,Lech Poznan II
26/04/2025 14:00,WR Rewal,Wda Swiecie
26/04/2025 16:00,Notec Czarnkow,Kotwica Kornik
26/04/2025 18:00,Vineta Wolin,Elana Torun
26/04/2025 18:00,Zawisza Bydgoszcz,Pogon Szczecin II
27/04/2025 16:00,Polonia Sroda Wielkopolska,Flota Swinoujscie
27/04/2025 18:00,Gryf Slupsk,Nowe Skalmierzyce
25/04/2025 16:00,Miedz Legnica II,Warta Gorzow Wielkopolski
26/04/2025 13:00,Polonia Slubice,MKS Kluczbork
26/04/2025 14:00,LKS Goczalkowice,Gornik Polkowice
26/04/2025 16:00,Stilon Gorzow Wlkp,Podlesianka Katowice
26/04/2025 16:30,Sleza Wroclaw,Karkonosze Jelenia Gora
26/04/2025 17:00,Pniowek Pawlowice,Unia Turza Slaska
26/04/2025 17:00,Stal Brzeg,Slask Wroclaw II
26/04/2025 17:00,Carina Gubin,Gornik Zabrze II
26/04/2025 18:00,Lechia Zielona Gora,Odra Bytom Odrzanski
25/04/2025 20:30,KS Wiazownica,Pogon Sokol Lubaczow
26/04/2025 13:00,Lewart Lubartow,Wislanie Skawina
26/04/2025 13:00,Wisla Krakow II,Avia Swidnik
26/04/2025 14:00,Sandecja Nowy Sacz,Podhale Nowy Targ
26/04/2025 16:00,Czarni Polaniec,Star Starachowice
26/04/2025 18:00,Siarka Tarnobrzeg,Unia Tarnow
26/04/2025 20:00,Podlasie Biala Podlaska,Wisloka Debica
26/04/2025 20:29,KSZO Ostrowiec Swietokrzyski,Chelmianka
27/04/2025 14:00,Swidniczanka,Korona Kielce II
26/04/2025 13:00,Jozefovia Jozefow,Pilica Bialobrzegi
26/04/2025 14:00,Oskar Przysucha,Blonianka Blonie
26/04/2025 14:00,Talent Varsovia,Mszczonowianka
26/04/2025 14:00,Tygrys Huta Minska,Makowianka Makow Mazowiecki
26/04/2025 16:00,KS CK Troszyn,KTS Weszlo Varsovia
26/04/2025 16:00,Legionovia,Hutnik Varsovia
26/04/2025 16:00,Wilga Garwolin,Zabkovia Zabki
26/04/2025 17:00,MKS Przasnysz,Ursus Varsovia
26/04/2025 18:00,Mazovia Minsk Mazowiecki,MKS Piaseczno
26/04/2025 12:00,Gornik Leczna (F),GKS Katowice (F)
26/04/2025 13:00,Rekord Bielsko-Biala (F),UKS SMS Lodz (F)
27/04/2025 13:00,Pogon Szczecin (F),Czarni Sosnowiec (F)
27/04/2025 14:00,APLG Gdansk (F),Resovia Rzeszow (F)
27/04/2025 14:00,Pogon Tczew (F),Stomilanki Olsztyn (F)
25/04/2025 17:30,UD Oliveirense,Academico Viseu
25/04/2025 20:00,Pacos Ferreira,Uniao de Leiria
26/04/2025 13:00,SCU Torreense,Maritimo
26/04/2025 16:00,Vizela,Felgueiras 1932
27/04/2025 13:00,Feirense,Porto B
27/04/2025 16:00,Portimonense,Tondela
27/04/2025 17:30,Leixoes,Penafiel
28/04/2025 20:00,Chaves,Alverca
28/04/2025 20:00,Benfica B,Mafra
26/04/2025 13:00,SC 1Âº Dezembro,Sporting Lisabona B
26/04/2025 17:00,Amarante,Lusitania
26/04/2025 19:30,AD Fafe,Atletico CP
26/04/2025 22:00,Varzim SC,Os Belenenses
26/04/2025 17:00,Braga B,Vilaverdense
26/04/2025 17:00,Sao Joao Ver,Anadia
26/04/2025 17:00,AD Sanjoanense,Trofense
25/04/2025 17:00,Caldas SC,Academica Coimbra
25/04/2025 17:00,UD Santarem,SC Lusitania
25/04/2025 18:00,Oliveira Hospital,Covilha
25/04/2025 19:30,Dynamo Makhachkala,Krasnodar
26/04/2025 14:00,Pari Nizhny Novgorod,Akhmat Grozny
26/04/2025 14:00,Dinamo Moscova,Zenit
26/04/2025 16:30,FK Rostov,Lokomotiv Moscova
26/04/2025 19:30,Spartak Moscova,CSKA Moscova
27/04/2025 14:00,KS Samara,Orenburg
27/04/2025 16:30,FK Khimki,Akron Tolyatti
27/04/2025 19:00,Rubin Kazan,Fakel Voronezh
30/04/2025 20:30,Zenit,CSKA Moscova
29/04/2025 20:30,Spartak Moscova,Dinamo Moscova
30/04/2025 18:00,Lokomotiv Moscova,FK Rostov
26/04/2025 08:00,SKA Khabarovsk,Yenisey Krasnoyarsk
26/04/2025 14:00,Ural,Baltika
26/04/2025 17:00,Kamaz Naberezhnye Chelny,Rodina Moscova
26/04/2025 18:00,FC Chayka Peschanokopskoye,FC Sochi
27/04/2025 12:00,Alania Vladikavkaz,Torpedo Moscova
27/04/2025 14:00,Ufa,Shinnik Yaroslavl
27/04/2025 15:00,Sokol Saratov,Chernomorets Novorossijsk
27/04/2025 15:00,Tyumen,Neftekhimik Nizhnekamsk
27/04/2025 17:00,Arsenal Tula,Rotor Volgograd
25/04/2025 21:45,Partick Thistle,Falkirk
26/04/2025 17:00,Dunfermline Athletic,Airdrieonians
26/04/2025 17:00,Hamilton Academical,Livingston
26/04/2025 17:00,Ayr United,Queen's Park
26/04/2025 17:00,Raith Rovers,Greenock Morton
26/04/2025 17:00,Dumbarton,Annan Athletic
26/04/2025 17:00,Cove Rangers,Kelty Hearts
26/04/2025 17:00,Alloa Athletic,Montrose
26/04/2025 17:00,Inverness,Arbroath
26/04/2025 17:00,Queen of the South,Stenhousemuir
26/04/2025 17:00,Stirling Albion,Clyde
26/04/2025 17:00,Bonnyrigg Rose,The Spartans
26/04/2025 17:00,Edinburgh City,Forfar Athletic
26/04/2025 17:00,Elgin City,Stranraer
26/04/2025 17:00,Peterhead,East Fife
24/04/2025 19:30,AS Pikine,Walidaan Dkr
24/04/2025 20:00,Jaraaf,Oslo FA
24/04/2025 19:00,Javor,Macva Sabac
24/04/2025 14:45,Balestier Khalsa,Hougang United
26/04/2025 19:00,FC Kosice,Zeleziarne Podbrezova
26/04/2025 21:30,Dunajska Streda,Slovan Bratislava
27/04/2025 19:00,Zilina,Spartak Trnava
25/04/2025 19:00,Trencin,Dukla Banska Bystrica
26/04/2025 19:00,Ruzomberok,Zemplin Michalovce
27/04/2025 19:00,Skalica,Komarno
26/04/2025 12:00,Dukla Banska Bystrica U19,Trencin U19
24/04/2025 18:15,Trencin (F),Spartak Trnava (F)
26/04/2025 16:00,Domzale,Primorje
26/04/2025 18:30,Maribor,Radomlje
27/04/2025 16:00,Nafta,Koper
27/04/2025 18:30,Celje,Olimpija Ljubljana
28/04/2025 18:30,Bravo,Mura
24/04/2025 19:00,Celje,Olimpija Ljubljana
25/04/2025 03:00,Colorado Rapids II,Minnesota United II
26/04/2025 16:00,Landskrona,Sandviken IF
26/04/2025 16:00,Ostersund,Orgryte
26/04/2025 16:00,Oddevold,GIF Sundsvall
27/04/2025 14:00,Helsingborg IF,Kalmar FF
27/04/2025 14:00,Trelleborg FF,Varberg BoIS
27/04/2025 14:00,Umea FC,Brage
28/04/2025 20:00,Utsikten,Vasteras SK
29/04/2025 20:00,Falkenberg,Orebro SK
25/04/2025 20:30,IFK Stocksund,Karlbergs BK
26/04/2025 14:00,Enkoping SK,Orebro Syrianska
26/04/2025 14:00,Stockholm Internazionale,IFK Haninge
26/04/2025 17:00,Team TG FF,AFC Eskilstuna
26/04/2025 17:00,Sollentuna FF,Gefle
27/04/2025 17:00,Vasalunds IF,FC Arlanda
27/04/2025 17:00,Assyriska FF,Hammarby Talang
27/04/2025 17:00,IF Karlstad,United IK Nordic
26/04/2025 14:00,Rosengard 1917,Eskilsminne IF
26/04/2025 14:00,Ljungskile SK,Trollhattan
26/04/2025 17:00,IFK Skovde,Skovde AIK
26/04/2025 17:00,Oskarshamns AIK,BK Olympic
26/04/2025 17:00,Husqvarna FF,Hassleholms IF
27/04/2025 17:00,Torslanda IK,Angelholms FF
28/04/2025 20:00,Lunds BK,Ariana FC
28/04/2025 20:00,Jonkopings Sodra,Norrby IF
24/04/2025 20:00,Tidaholms Goif,IF Hagapojkarna
25/04/2025 19:30,Lidkopings FK,Vanersborgs FK
26/04/2025 14:00,Vanersborgs IF,FBK Karlstad
26/04/2025 14:00,IFK Kumla,Herrestads AIF
26/04/2025 15:00,IK Kongahalla,Motala AIF
26/04/2025 15:00,Grebbestads IF,Skara FC
25/04/2025 20:00,Landvetter IS,Lindome GIF
26/04/2025 14:00,Jonsereds IF,Vastra Frolunda IF
26/04/2025 15:00,Laholms FK,BK Astrio
25/04/2025 20:00,IK Franke,Kungsangens IF
25/04/2025 20:30,Nacka Iliria,Bollstanas SK
26/04/2025 14:00,Korsnas IF FK,Skiljebo SK
26/04/2025 14:00,Taby,Falu FK
26/04/2025 16:00,Sunnersta AIF,FC Gute
26/04/2025 13:00,Smedby AIS,Huddinge IF
26/04/2025 17:00,Foc Farsta,IF Sylvia
25/04/2025 20:00,Linero IF,IFK Hassleholm
26/04/2025 15:00,Torns IF,Rappe GOIF
26/04/2025 15:00,Solvesborgs G.,Nosaby IF
26/04/2025 17:00,Kristianstad FC,Hogaborgs BK
26/04/2025 14:15,Caernarfon Town,Barry Town United
26/04/2025 16:30,Cardiff Metropolitan,Bala Town
27/04/2025 16:00,Adanaspor,Genclerbirligi
27/04/2025 16:00,Bandirmaspor,Esenler Erokspor
27/04/2025 16:00,Umraniyespor,Amed Sportif Faaliyetler
27/04/2025 16:00,Ankaragucu,Corum FK
27/04/2025 16:00,Istanbulspor,Pendikspor
27/04/2025 16:00,Kocaelispor,Boluspor
27/04/2025 16:00,Sanliurfaspor,Manisa
27/04/2025 16:00,Karagumruk,Ankara Keciorengucu
27/04/2025 16:00,Sakaryaspor,BB Erzurumspor
24/04/2025 16:00,Maroons,Vipers SC
24/04/2025 19:00,Express,UPDF
25/04/2025 16:00,Uganda Police,Uganda Revenue Authority
25/04/2025 16:00,Lugazi FC,Bright Stars
26/04/2025 21:00,River Plate (URU),Danubio
26/04/2025 23:15,Plaza Colonia,CA Juventud de Las Piedras
27/04/2025 02:15,Nacional Montevideo,Montevideo Wanderers
27/04/2025 16:45,Montevideo City Torque,Defensor Sporting
27/04/2025 19:00,Boston River,Miramar Misiones
27/04/2025 21:15,CA Progreso,Liverpool Montevideo
28/04/2025 00:15,CA Penarol,Cerro CA
28/04/2025 21:00,Racing Montevideo,Cerro Largo
24/04/2025 15:30,Danubio (R),Miramar Misiones (R)
26/04/2025 00:30,Zamora,Deportivo La Guaira
26/04/2025 22:00,Yaracuyanos,Estudiantes de Merida
27/04/2025 00:30,Monagas,Academia Anzoategui FC
27/04/2025 00:30,Metropolitanos,Deportivo Rayo Zuliano
28/04/2025 00:30,Universidad Central Venezuela,Caracas
28/04/2025 03:00,Academia Puerto Cabello,Portuguesa
25/04/2025 15:15,Ho Chi Minh City,Hong Linh Ha Tinh
25/04/2025 15:15,Viettel,Song Lam Nghe An
